{"generator":"duoshuo","version":"0.1","threads":[{"site_id":1198832,"thread_id":1318129723749957643,"created_at":"2015-01-25T13:35:26+08:00","updated_at":"2015-12-27T16:30:47+08:00","likes":4,"views":0,"thread_key":"web\/build_blog\/","title":"Why and How to bulid my blog? \u642d\u5efa\u6211\u7684\u4e2a\u4eba\u535a\u5ba2\u3002","url":"http:\/\/icehe.me\/web\/build_blog\/","author_id":0},{"site_id":"1198832","thread_id":1318129723749957676,"created_at":"2015-02-25T10:52:58+08:00","updated_at":"2015-12-27T15:22:29+08:00","likes":0,"views":0,"thread_key":"c++\/Effective C++ - Reading Note 1\/","title":"Effective C++ - Reading Note 1","url":"http:\/\/icehe.me\/c++\/Effective C++ - Reading Note 1\/","author_id":0},{"site_id":1198832,"thread_id":1318129723749957694,"created_at":"2015-02-26T00:44:17+08:00","updated_at":"2015-03-25T23:18:44+08:00","likes":0,"views":0,"thread_key":"lifelogs\/2014\/12\/index.html","title":"2014-12","url":"http:\/\/icehe.me\/lifelogs\/2014\/12\/index.html","author_id":0},{"site_id":1198832,"thread_id":1318129723749957699,"created_at":"2015-02-26T01:07:04+08:00","updated_at":"2015-04-01T15:29:00+08:00","likes":0,"views":0,"thread_key":"lifelogs\/2015\/01\/d31.html","title":"15\/01\/31","url":"http:\/\/icehe.me\/lifelogs\/2015\/01\/d31.html","author_id":0},{"site_id":1198832,"thread_id":1318129723749957727,"created_at":"2015-02-26T13:54:43+08:00","updated_at":"2015-02-26T15:08:50+08:00","likes":0,"views":0,"thread_key":"lifelogs\/2014\/11\/d28.html","title":"14\/11\/28","url":"http:\/\/icehe.gitcafe.io\/lifelogs\/2014\/11\/d28.html","author_id":0},{"site_id":1198832,"thread_id":1318129723749957796,"created_at":"2015-02-26T14:03:52+08:00","updated_at":"2015-04-01T15:29:31+08:00","likes":0,"views":0,"thread_key":"lifelogs\/2015\/02\/d11.html","title":"15\/02\/11","url":"http:\/\/icehe.me\/lifelogs\/2015\/02\/d11.html","author_id":0},{"site_id":1198832,"thread_id":1318129723749957815,"created_at":"2015-03-03T15:25:15+08:00","updated_at":"2015-12-27T16:34:11+08:00","likes":0,"views":0,"thread_key":"web\/donate\/","title":"\u5b9e\u73b0 \u535a\u5ba2\u7f51\u7ad9\u7684\u652f\u4ed8\u5b9d \u6253\u8d4f\u529f\u80fd \u2014\u2014 Donate \u6253\u8d4f\u535a\u4e3b","url":"http:\/\/icehe.me\/web\/donate\/","author_id":0},{"site_id":1198832,"thread_id":1318129723749957843,"created_at":"2015-03-04T17:13:52+08:00","updated_at":"2015-12-27T15:28:53+08:00","likes":0,"views":0,"thread_key":"javascript\/\u67d0\u6b21js\u4ee3\u7801\u4f18\u5316\u8fc7\u7a0b\/","title":"\u67d0\u6b21\u65e0\u804a\u7684 JavaScript \u4ee3\u7801 \u4f18\u5316\u8fc7\u7a0b","url":"http:\/\/icehe.me\/javascript\/\u67d0\u6b21js\u4ee3\u7801\u4f18\u5316\u8fc7\u7a0b\/","author_id":0},{"site_id":1198832,"thread_id":1318129723749957847,"created_at":"2015-03-04T19:12:08+08:00","updated_at":"2015-12-27T16:36:41+08:00","likes":4,"views":0,"thread_key":"web\/donate\/","title":"\u5b9e\u73b0 \u535a\u5ba2\u7f51\u7ad9\u7684\u652f\u4ed8\u5b9d \u6253\u8d4f\u529f\u80fd \u2014\u2014 Donate \u6253\u8d4f\u535a\u4e3b","url":"http:\/\/icehe.me\/web\/donate\/","author_id":0},{"site_id":1198832,"thread_id":1318129723749957848,"created_at":"2015-03-08T18:42:21+08:00","updated_at":"2015-12-27T16:35:51+08:00","likes":0,"views":0,"thread_key":"ide\/Eclipse\u5feb\u6377\u952e \u548c \u9879\u76ee\u5de5\u4f5c\u7ecf\u9a8c\/","title":"Eclipse\u5feb\u6377\u952e \u548c \u4e00\u70b9\u9879\u76ee\u5b9e\u8df5\u611f\u60f3","url":"http:\/\/icehe.me\/ide\/Eclipse\u5feb\u6377\u952e \u548c \u9879\u76ee\u5de5\u4f5c\u7ecf\u9a8c\/","author_id":0},{"site_id":1198832,"thread_id":1318129723749957873,"created_at":"2015-04-01T15:09:03+08:00","updated_at":"2015-04-01T15:09:03+08:00","likes":0,"views":0,"thread_key":"lifelogs\/2015\/03\/d28.html","title":"15\/03\/28 stu41 spo6 was18","url":"http:\/\/icehe.me\/lifelogs\/2015\/03\/d28.html","author_id":0},{"site_id":1198832,"thread_id":1318129723749957887,"created_at":"2015-04-01T15:30:33+08:00","updated_at":"2015-04-01T15:30:33+08:00","likes":0,"views":0,"thread_key":"lifelogs\/2015\/03\/d13.html","title":"15\/03\/13 stu43 spo17","url":"http:\/\/icehe.me\/lifelogs\/2015\/03\/d13.html","author_id":0},{"site_id":1198832,"thread_id":1318129723749957896,"created_at":"2015-04-01T16:30:26+08:00","updated_at":"2015-11-15T09:20:08+08:00","likes":0,"views":0,"thread_key":"2015\/03\/19\/linux\/[00] U\u76d8\u5b89\u88c5 CentOS 7\/","title":"(00) U\u76d8\u5b89\u88c5 - CentOS 7","url":"http:\/\/icehe.me\/2015\/03\/19\/linux\/[00] U\u76d8\u5b89\u88c5 CentOS 7\/","author_id":0},{"site_id":1198832,"thread_id":1318129723749957908,"created_at":"2015-04-02T15:41:05+08:00","updated_at":"2015-12-27T15:31:39+08:00","likes":0,"views":0,"thread_key":"reward\/","title":"How to Reward Me! \u600e\u4e48\u6253\u8d4f\u535a\u4e3b~","url":"http:\/\/icehe.me\/reward\/","author_id":0},{"site_id":1198832,"thread_id":1318129723749957963,"created_at":"2015-06-01T10:44:20+08:00","updated_at":"2015-06-01T10:44:20+08:00","likes":0,"views":0,"thread_key":"lifelogs\/2015\/05\/d13.html","title":"15\/05\/13 spo12 joy76","url":"http:\/\/icehe.me\/lifelogs\/2015\/05\/d13.html","author_id":0},{"site_id":1198832,"thread_id":1318129723749958002,"created_at":"2015-07-01T01:14:51+08:00","updated_at":"2015-07-01T01:14:51+08:00","likes":0,"views":0,"thread_key":"lifelogs\/2015\/06\/d13.html","title":"15\/06\/13 stu38 rd35 was18","url":"http:\/\/icehe.me\/lifelogs\/2015\/06\/d13.html","author_id":0},{"site_id":1198832,"thread_id":6213336069778178818,"created_at":"2015-11-05T00:37:16+08:00","updated_at":"2015-11-05T00:37:16+08:00","likes":0,"views":0,"thread_key":"lifelogs\/2015\/09\/d24.html","title":"15\/09\/24 stu33 spo12 was6","url":"http:\/\/icehe.me\/lifelogs\/2015\/09\/d24.html","author_key":"","author_id":0},{"site_id":1198832,"thread_id":6216613731170779905,"created_at":"2015-11-13T20:36:16+08:00","updated_at":"2015-11-13T20:36:16+08:00","likes":0,"views":0,"thread_key":"lifelogs\/2015\/07\/d23.html","title":"15\/07\/23 stu35","url":"http:\/\/icehe.me\/lifelogs\/2015\/07\/d23.html","author_key":"","author_id":0},{"site_id":"1198832","thread_id":6223208987240694530,"created_at":"2015-12-01T15:09:14+08:00","updated_at":"2015-12-01T15:09:14+08:00","likes":0,"views":0,"thread_key":"lifelogs\/2015\/11\/index.html","title":"2015\/11 stu49 spo8 was3","url":"http:\/\/icehe.me\/lifelogs\/2015\/11\/index.html","author_key":"","author_id":0},{"site_id":"1198832","thread_id":6223209013144716033,"created_at":"2015-12-01T15:09:20+08:00","updated_at":"2015-12-01T15:09:20+08:00","likes":0,"views":0,"thread_key":"lifelogs\/2015\/11\/d01.html","title":"15\/11\/01 stu58 spo6","url":"http:\/\/icehe.me\/lifelogs\/2015\/11\/d01.html","author_key":"","author_id":0},{"site_id":"1198832","thread_id":6223209041263330049,"created_at":"2015-12-01T15:09:26+08:00","updated_at":"2015-12-01T15:09:26+08:00","likes":0,"views":0,"thread_key":"lifelogs\/2015\/11\/d02.html","title":"15\/11\/02 stu58 spo12","url":"http:\/\/icehe.me\/lifelogs\/2015\/11\/d02.html","author_key":"","author_id":0},{"site_id":"1198832","thread_id":6223209068694078210,"created_at":"2015-12-01T15:09:33+08:00","updated_at":"2015-12-01T15:09:33+08:00","likes":0,"views":0,"thread_key":"lifelogs\/2015\/11\/d03.html","title":"15\/11\/03 stu53 spo9 was9","url":"http:\/\/icehe.me\/lifelogs\/2015\/11\/d03.html","author_key":"","author_id":0},{"site_id":"1198832","thread_id":6223209085685203713,"created_at":"2015-12-01T15:09:37+08:00","updated_at":"2015-12-01T15:09:37+08:00","likes":0,"views":0,"thread_key":"lifelogs\/2015\/11\/d04.html","title":"15\/11\/04 stu54 spo6 was6","url":"http:\/\/icehe.me\/lifelogs\/2015\/11\/d04.html","author_key":"","author_id":0},{"site_id":"1198832","thread_id":"6223209101904577282","created_at":"2015-12-01T15:09:40+08:00","updated_at":"2015-12-01T15:09:40+08:00","likes":0,"views":0,"thread_key":"lifelogs\/2015\/11\/d05.html","title":"15\/11\/05 stu40 spo11 was6","url":"http:\/\/icehe.me\/lifelogs\/2015\/11\/d05.html","author_key":"","author_id":0},{"site_id":"1198832","thread_id":6223209143528850177,"created_at":"2015-12-01T15:09:50+08:00","updated_at":"2015-12-01T15:09:50+08:00","likes":0,"views":0,"thread_key":"lifelogs\/2015\/11\/d06.html","title":"15\/11\/06 stu46 spo9","url":"http:\/\/icehe.me\/lifelogs\/2015\/11\/d06.html","author_key":"","author_id":0},{"site_id":"1198832","thread_id":6223209164861080321,"created_at":"2015-12-01T15:09:55+08:00","updated_at":"2015-12-01T15:09:55+08:00","likes":0,"views":0,"thread_key":"lifelogs\/2015\/11\/d07.html","title":"15\/11\/07 stu59 spo9 was3","url":"http:\/\/icehe.me\/lifelogs\/2015\/11\/d07.html","author_key":"","author_id":0},{"site_id":"1198832","thread_id":6223209207189996290,"created_at":"2015-12-01T15:10:05+08:00","updated_at":"2015-12-01T15:10:05+08:00","likes":0,"views":0,"thread_key":"lifelogs\/2015\/11\/d08.html","title":"15\/11\/08 stu66 spo9 was3","url":"http:\/\/icehe.me\/lifelogs\/2015\/11\/d08.html","author_key":"","author_id":0},{"site_id":"1198832","thread_id":6223209235170198273,"created_at":"2015-12-01T15:10:11+08:00","updated_at":"2015-12-01T15:10:11+08:00","likes":0,"views":0,"thread_key":"lifelogs\/2015\/11\/d09.html","title":"15\/11\/09 stu54 spo12","url":"http:\/\/icehe.me\/lifelogs\/2015\/11\/d09.html","author_key":"","author_id":0},{"site_id":"1198832","thread_id":6223209258977067778,"created_at":"2015-12-01T15:10:17+08:00","updated_at":"2015-12-01T15:10:17+08:00","likes":0,"views":0,"thread_key":"lifelogs\/2015\/11\/d10.html","title":"15\/11\/10 stu56 spo12","url":"http:\/\/icehe.me\/lifelogs\/2015\/11\/d10.html","author_key":"","author_id":0},{"site_id":"1198832","thread_id":6223209293303251714,"created_at":"2015-12-01T15:10:25+08:00","updated_at":"2015-12-01T15:10:25+08:00","likes":0,"views":0,"thread_key":"lifelogs\/2015\/11\/d11.html","title":"15\/11\/11 stu35 spo9","url":"http:\/\/icehe.me\/lifelogs\/2015\/11\/d11.html","author_key":"","author_id":0},{"site_id":"1198832","thread_id":6223209332008289026,"created_at":"2015-12-01T15:10:34+08:00","updated_at":"2015-12-01T15:10:34+08:00","likes":0,"views":0,"thread_key":"lifelogs\/2015\/11\/d12.html","title":"15\/11\/12 stu50 spo6","url":"http:\/\/icehe.me\/lifelogs\/2015\/11\/d12.html","author_key":"","author_id":0},{"site_id":"1198832","thread_id":6223209353814475522,"created_at":"2015-12-01T15:10:39+08:00","updated_at":"2015-12-01T15:10:39+08:00","likes":0,"views":0,"thread_key":"lifelogs\/2015\/11\/d13.html","title":"15\/11\/13 stu40 joy11","url":"http:\/\/icehe.me\/lifelogs\/2015\/11\/d13.html","author_key":"","author_id":0},{"site_id":"1198832","thread_id":6223209377881391873,"created_at":"2015-12-01T15:10:45+08:00","updated_at":"2015-12-01T15:10:45+08:00","likes":0,"views":0,"thread_key":"lifelogs\/2015\/11\/d14.html","title":"15\/11\/14 stu58 spo6","url":"http:\/\/icehe.me\/lifelogs\/2015\/11\/d14.html","author_key":"","author_id":0},{"site_id":"1198832","thread_id":6223209409313506049,"created_at":"2015-12-01T15:10:52+08:00","updated_at":"2015-12-01T15:10:52+08:00","likes":0,"views":0,"thread_key":"lifelogs\/2015\/11\/d15.html","title":"15\/11\/15 stu53 spo7","url":"http:\/\/icehe.me\/lifelogs\/2015\/11\/d15.html","author_key":"","author_id":0},{"site_id":"1198832","thread_id":6223209424354280193,"created_at":"2015-12-01T15:10:55+08:00","updated_at":"2015-12-01T15:10:55+08:00","likes":0,"views":0,"thread_key":"lifelogs\/2015\/11\/d16.html","title":"15\/11\/16 stu61 spo11 was3","url":"http:\/\/icehe.me\/lifelogs\/2015\/11\/d16.html","author_key":"","author_id":0},{"site_id":"1198832","thread_id":6223209445510349569,"created_at":"2015-12-01T15:11:00+08:00","updated_at":"2015-12-01T15:11:00+08:00","likes":0,"views":0,"thread_key":"lifelogs\/2015\/11\/d17.html","title":"15\/11\/17 stu38 spo12 joy21","url":"http:\/\/icehe.me\/lifelogs\/2015\/11\/d17.html","author_key":"","author_id":0},{"site_id":"1198832","thread_id":6223209463105454850,"created_at":"2015-12-01T15:11:04+08:00","updated_at":"2015-12-01T15:11:04+08:00","likes":0,"views":0,"thread_key":"lifelogs\/2015\/11\/d18.html","title":"15\/11\/18 stu29 spo6 was6 joy37","url":"http:\/\/icehe.me\/lifelogs\/2015\/11\/d18.html","author_key":"","author_id":0},{"site_id":"1198832","thread_id":6223209477923930881,"created_at":"2015-12-01T15:11:08+08:00","updated_at":"2015-12-01T15:11:08+08:00","likes":0,"views":0,"thread_key":"lifelogs\/2015\/11\/d19.html","title":"15\/11\/19 stu38 spo6 joy18","url":"http:\/\/icehe.me\/lifelogs\/2015\/11\/d19.html","author_key":"","author_id":0},{"site_id":"1198832","thread_id":6223209496919933697,"created_at":"2015-12-01T15:11:12+08:00","updated_at":"2015-12-01T15:11:12+08:00","likes":0,"views":0,"thread_key":"lifelogs\/2015\/11\/d20.html","title":"15\/11\/20 stu72","url":"http:\/\/icehe.me\/lifelogs\/2015\/11\/d20.html","author_key":"","author_id":0},{"site_id":"1198832","thread_id":6223209513114141441,"created_at":"2015-12-01T15:11:16+08:00","updated_at":"2015-12-01T15:11:16+08:00","likes":0,"views":0,"thread_key":"lifelogs\/2015\/11\/d21.html","title":"15\/11\/21 stu44 spo6 was19 joy13","url":"http:\/\/icehe.me\/lifelogs\/2015\/11\/d21.html","author_key":"","author_id":0},{"site_id":"1198832","thread_id":6223209530340147969,"created_at":"2015-12-01T15:11:20+08:00","updated_at":"2015-12-01T15:11:20+08:00","likes":0,"views":0,"thread_key":"lifelogs\/2015\/11\/d22.html","title":"15\/11\/22 stu48 spo6 was10 joy7","url":"http:\/\/icehe.me\/lifelogs\/2015\/11\/d22.html","author_key":"","author_id":0},{"site_id":"1198832","thread_id":"6223209548409209601","created_at":"2015-12-01T15:11:24+08:00","updated_at":"2015-12-01T15:11:24+08:00","likes":0,"views":0,"thread_key":"lifelogs\/2015\/11\/d23.html","title":"15\/11\/23 stu49 spo11 was6 joy20","url":"http:\/\/icehe.me\/lifelogs\/2015\/11\/d23.html","author_key":"","author_id":0},{"site_id":"1198832","thread_id":6223209581212861186,"created_at":"2015-12-01T15:11:32+08:00","updated_at":"2015-12-01T15:11:32+08:00","likes":0,"views":0,"thread_key":"lifelogs\/2015\/11\/d24.html","title":"15\/11\/24 stu35 spo9 was12","url":"http:\/\/icehe.me\/lifelogs\/2015\/11\/d24.html","author_key":"","author_id":0},{"site_id":"1198832","thread_id":6223209608874296066,"created_at":"2015-12-01T15:11:38+08:00","updated_at":"2015-12-01T15:11:38+08:00","likes":0,"views":0,"thread_key":"lifelogs\/2015\/11\/d25.html","title":"15\/11\/25 stu38 spo9 mus41","url":"http:\/\/icehe.me\/lifelogs\/2015\/11\/d25.html","author_key":"","author_id":0},{"site_id":"1198832","thread_id":6223209629673849601,"created_at":"2015-12-01T15:11:43+08:00","updated_at":"2015-12-01T15:11:43+08:00","likes":0,"views":0,"thread_key":"lifelogs\/2015\/11\/d26.html","title":"15\/11\/26 stu41 spo9","url":"http:\/\/icehe.me\/lifelogs\/2015\/11\/d26.html","author_key":"","author_id":0},{"site_id":"1198832","thread_id":6223209652130153217,"created_at":"2015-12-01T15:11:48+08:00","updated_at":"2015-12-01T15:11:48+08:00","likes":0,"views":0,"thread_key":"lifelogs\/2015\/11\/d27.html","title":"15\/11\/27 stu55 spo13","url":"http:\/\/icehe.me\/lifelogs\/2015\/11\/d27.html","author_key":"","author_id":0},{"site_id":"1198832","thread_id":"6223209666906686210","created_at":"2015-12-01T15:11:52+08:00","updated_at":"2015-12-01T15:11:52+08:00","likes":0,"views":0,"thread_key":"lifelogs\/2015\/11\/d28.html","title":"15\/11\/28 stu49 spo11 was3","url":"http:\/\/icehe.me\/lifelogs\/2015\/11\/d28.html","author_key":"","author_id":0},{"site_id":"1198832","thread_id":6223209727057199873,"created_at":"2015-12-01T15:12:06+08:00","updated_at":"2015-12-01T15:12:06+08:00","likes":0,"views":0,"thread_key":"lifelogs\/2015\/11\/d29.html","title":"15\/11\/29 stu38 spo12 was6","url":"http:\/\/icehe.me\/lifelogs\/2015\/11\/d29.html","author_key":"","author_id":0},{"site_id":"1198832","thread_id":6223209769872655106,"created_at":"2015-12-01T15:12:16+08:00","updated_at":"2015-12-01T15:12:16+08:00","likes":0,"views":0,"thread_key":"lifelogs\/2015\/11\/d30.html","title":"15\/11\/30 stu70 spo3","url":"http:\/\/icehe.me\/lifelogs\/2015\/11\/d30.html","author_key":"","author_id":0},{"site_id":"1198832","thread_id":6223209815791895297,"created_at":"2015-12-01T15:12:27+08:00","updated_at":"2015-12-01T15:12:27+08:00","likes":0,"views":0,"thread_key":"lifelogs\/2015\/11\/time_stat.html","title":"2015\/11 stu49 spo8 was3","url":"http:\/\/icehe.me\/lifelogs\/2015\/11\/time_stat.html","author_key":"","author_id":0},{"site_id":"1198832","thread_id":6227367804417344257,"created_at":"2015-12-12T20:07:34+08:00","updated_at":"2015-12-12T20:07:34+08:00","likes":1,"views":0,"thread_key":"2015\/12\/12\/simple\/","title":"\u4e2a\u4eba\u4ef7\u503c \u4e0e \u6781\u7b80\u4e3b\u4e49\/\u65ad\u820d\u79bb","url":"http:\/\/icehe.me\/2015\/12\/12\/simple\/","author_key":"","author_id":0},{"site_id":"1198832","thread_id":"6228148366405010178","created_at":"2015-12-14T22:36:32+08:00","updated_at":"2015-12-14T22:36:32+08:00","likes":0,"views":0,"thread_key":"2015\/12\/14\/LATEST\/\u8fdb\u6b65\/","title":"\u8fdb\u6b65","url":"http:\/\/icehe.me\/2015\/12\/14\/LATEST\/\u8fdb\u6b65\/","author_key":"","author_id":0},{"site_id":"1198832","thread_id":"6228149811439207170","created_at":"2015-12-14T22:42:09+08:00","updated_at":"2015-12-14T22:42:09+08:00","likes":1,"views":0,"thread_key":"2015\/12\/14\/\u8fdb\u6b65\/","title":"\u8fdb\u6b65","url":"http:\/\/icehe.me\/2015\/12\/14\/\u8fdb\u6b65\/","author_key":"","author_id":0},{"site_id":"1198832","thread_id":6230221467745780481,"created_at":"2015-12-20T12:41:14+08:00","updated_at":"2015-12-20T12:41:14+08:00","likes":0,"views":0,"thread_key":"tools\/qrcode_redirect.html","title":"\u8df3\u8f6c\u6d4b\u8bd5","url":"http:\/\/icehe.me\/tools\/qrcode_redirect.html","author_key":"","author_id":0},{"site_id":"1198832","thread_id":6230223872919077633,"created_at":"2015-12-20T12:50:34+08:00","updated_at":"2015-12-20T12:50:34+08:00","likes":0,"views":0,"thread_key":"tools\/t.html","title":"\u8df3\u8f6c\u6d4b\u8bd5","url":"http:\/\/icehe.me\/tools\/t.html","author_key":"","author_id":0},{"site_id":"1198832","thread_id":6230278380445500162,"created_at":"2015-12-20T16:22:05+08:00","updated_at":"2015-12-20T16:22:05+08:00","likes":1,"views":0,"thread_key":"bookmark\/index.html","title":"Bookmark","url":"http:\/\/icehe.me\/bookmark\/index.html","author_key":"","author_id":0},{"site_id":"1198832","thread_id":6230944039928070914,"created_at":"2015-12-22T11:25:11+08:00","updated_at":"2015-12-22T11:25:11+08:00","likes":1,"views":0,"thread_key":"bookmarks\/index.html","title":"Bookmark \u4e66\u7b7e","url":"http:\/\/icehe.me\/bookmarks\/index.html","author_key":"","author_id":0},{"site_id":"1198832","thread_id":6232798685021864705,"created_at":"2015-12-27T11:22:09+08:00","updated_at":"2015-12-27T11:22:09+08:00","likes":0,"views":0,"thread_key":"2015\/01\/22\/pages\/lifelogs\/","title":"Life Logs \u624b\u5e10","url":"http:\/\/icehe.me\/2015\/01\/22\/pages\/lifelogs\/","author_key":"","author_id":0},{"site_id":"1198832","thread_id":6232800674321531649,"created_at":"2015-12-27T11:29:52+08:00","updated_at":"2015-12-27T11:29:52+08:00","likes":0,"views":0,"thread_key":"simple\/","title":"\u4e2a\u4eba\u4ef7\u503c \u4e0e \u6781\u7b80\u4e3b\u4e49\/\u65ad\u820d\u79bb","url":"http:\/\/icehe.me\/simple\/","author_key":"","author_id":0},{"site_id":"1198832","thread_id":6232801227369874177,"created_at":"2015-12-27T11:32:01+08:00","updated_at":"2015-12-27T11:32:01+08:00","likes":0,"views":0,"thread_key":"pages\/lifelogs\/","title":"Life Logs \u624b\u5e10","url":"http:\/\/icehe.me\/pages\/lifelogs\/","author_key":"","author_id":0},{"site_id":"1198832","thread_id":6232840603437105921,"created_at":"2015-12-27T14:04:49+08:00","updated_at":"2015-12-27T14:04:49+08:00","likes":0,"views":0,"thread_key":"build_blog\/","title":"Bulid Blog. \u642d\u5efa\u4e2a\u4eba\u535a\u5ba2","url":"http:\/\/icehe.me\/build_blog\/","author_key":"","author_id":0},{"site_id":"1198832","thread_id":6232841018551567106,"created_at":"2015-12-27T14:06:26+08:00","updated_at":"2015-12-27T14:06:26+08:00","likes":0,"views":0,"thread_key":"pages\/resume\/","title":"Resume - Ice He \u4f55\u5fd7\u8fdc","url":"http:\/\/icehe.me\/pages\/resume\/","author_key":"","author_id":0},{"site_id":"1198832","thread_id":6232842133074608897,"created_at":"2015-12-27T14:10:45+08:00","updated_at":"2015-12-27T14:10:45+08:00","likes":0,"views":0,"thread_key":"pages\/favourites\/","title":"My Favourites \u559c\u7231\u7684\u4e8b\u7269","url":"http:\/\/icehe.me\/pages\/favourites\/","author_key":"","author_id":0},{"site_id":"1198832","thread_id":6232842760030782210,"created_at":"2015-12-27T14:13:11+08:00","updated_at":"2015-12-27T14:13:11+08:00","likes":0,"views":0,"thread_key":"pages\/about\/","title":"About \u5173\u4e8e","url":"http:\/\/icehe.me\/pages\/about\/","author_key":"","author_id":0},{"site_id":"1198832","thread_id":6232843465739207425,"created_at":"2015-12-27T14:15:55+08:00","updated_at":"2015-12-27T14:15:55+08:00","likes":0,"views":0,"thread_key":"about\/","title":"About \u5173\u4e8e","url":"http:\/\/icehe.me\/about\/","author_key":"","author_id":0},{"site_id":"1198832","thread_id":6232845666758951681,"created_at":"2015-12-27T14:24:28+08:00","updated_at":"2015-12-27T14:24:28+08:00","likes":0,"views":0,"thread_key":"lifelogs\/","title":"Life Logs \u624b\u5e10","url":"http:\/\/icehe.me\/lifelogs\/","author_key":"","author_id":0},{"site_id":"1198832","thread_id":6232846558975492866,"created_at":"2015-12-27T14:27:56+08:00","updated_at":"2015-12-27T14:27:56+08:00","likes":0,"views":0,"thread_key":"resume\/","title":"Resume - Ice He \u4f55\u5fd7\u8fdc","url":"http:\/\/icehe.me\/resume\/","author_key":"","author_id":0},{"site_id":"1198832","thread_id":6232846670510424834,"created_at":"2015-12-27T14:28:22+08:00","updated_at":"2015-12-27T14:28:22+08:00","likes":0,"views":0,"thread_key":"tools\/","title":"My Tools \u6211\u7684\u5229\u5668","url":"http:\/\/icehe.me\/tools\/","author_key":"","author_id":0},{"site_id":"1198832","thread_id":6232846690584363777,"created_at":"2015-12-27T14:28:26+08:00","updated_at":"2015-12-27T14:28:26+08:00","likes":1,"views":0,"thread_key":"bookmarks\/","title":"Bookmarks \u4e66\u7b7e","url":"http:\/\/icehe.me\/bookmarks\/","author_key":"","author_id":0},{"site_id":"1198832","thread_id":6232846763389092610,"created_at":"2015-12-27T14:28:43+08:00","updated_at":"2015-12-27T14:28:43+08:00","likes":0,"views":0,"thread_key":"favourites\/","title":"My Favourites \u559c\u7231\u7684\u4e8b\u7269","url":"http:\/\/icehe.me\/favourites\/","author_key":"","author_id":0},{"site_id":"1198832","thread_id":6232846772549452545,"created_at":"2015-12-27T14:28:45+08:00","updated_at":"2015-12-27T14:28:45+08:00","likes":0,"views":0,"thread_key":"timeline\/","title":"My Life Timeline \u65f6\u95f4\u8f74","url":"http:\/\/icehe.me\/timeline\/","author_key":"","author_id":0},{"site_id":"1198832","thread_id":6232847851131503362,"created_at":"2015-12-27T14:32:56+08:00","updated_at":"2015-12-27T14:32:56+08:00","likes":0,"views":0,"thread_key":"reward\/","title":"How to Reward Me! \u600e\u4e48\u6253\u8d4f\u535a\u4e3b~","url":"http:\/\/icehe.me\/reward\/","author_key":"","author_id":0},{"site_id":"1198832","thread_id":6232853085484483330,"created_at":"2015-12-27T14:53:15+08:00","updated_at":"2015-12-27T14:53:15+08:00","likes":0,"views":0,"thread_key":"404\/","title":"404","url":"http:\/\/icehe.me\/404\/","author_key":"","author_id":0},{"site_id":"1198832","thread_id":6232854269922378498,"created_at":"2015-12-27T14:57:51+08:00","updated_at":"2015-12-27T14:57:51+08:00","likes":1,"views":0,"thread_key":"time_mgt\/","title":"Time Mgt. \u6211\u7684\u65f6\u95f4\u7ba1\u7406\u65e5\u5fd7","url":"http:\/\/icehe.me\/time_mgt\/","author_key":"","author_id":0},{"site_id":"1198832","thread_id":6232858088529986306,"created_at":"2015-12-27T15:12:40+08:00","updated_at":"2015-12-27T15:12:40+08:00","likes":0,"views":0,"thread_key":"eclipse\/Eclipse\u5feb\u6377\u952e \u548c \u9879\u76ee\u5de5\u4f5c\u7ecf\u9a8c\/","title":"Eclipse\u5feb\u6377\u952e \u548c \u4e00\u70b9\u9879\u76ee\u5b9e\u8df5\u611f\u60f3","url":"http:\/\/icehe.me\/eclipse\/Eclipse\u5feb\u6377\u952e \u548c \u9879\u76ee\u5de5\u4f5c\u7ecf\u9a8c\/","author_key":"","author_id":0},{"site_id":"1198832","thread_id":6232860256423117570,"created_at":"2015-12-27T15:21:05+08:00","updated_at":"2015-12-27T15:21:05+08:00","likes":0,"views":0,"thread_key":"c++\/Effective C++ - Reading Note 1\/","title":"Effective C++ - Reading Note 1","url":"http:\/\/icehe.me\/c++\/Effective C++ - Reading Note 1\/","author_key":"","author_id":0},{"site_id":"1198832","thread_id":6232861066058007297,"created_at":"2015-12-27T15:24:13+08:00","updated_at":"2015-12-27T15:24:13+08:00","likes":0,"views":0,"thread_key":"donate\/","title":"\u5b9e\u73b0 \u535a\u5ba2\u7f51\u7ad9\u7684\u652f\u4ed8\u5b9d \u6253\u8d4f\u529f\u80fd \u2014\u2014 Donate \u6253\u8d4f\u535a\u4e3b","url":"http:\/\/icehe.me\/donate\/","author_key":"","author_id":0},{"site_id":"1198832","thread_id":6232861634830795521,"created_at":"2015-12-27T15:26:26+08:00","updated_at":"2015-12-27T15:26:26+08:00","likes":0,"views":0,"thread_key":"javascript\/150119 \u67d0\u6b21\u4ee3\u7801\u4f18\u5316\u8fc7\u7a0b\uff1a\/","title":"\u67d0\u6b21\u65e0\u804a\u7684 JavaScript \u4ee3\u7801 \u4f18\u5316\u8fc7\u7a0b","url":"http:\/\/icehe.me\/javascript\/150119 \u67d0\u6b21\u4ee3\u7801\u4f18\u5316\u8fc7\u7a0b\uff1a\/","author_key":"","author_id":0},{"site_id":"1198832","thread_id":6232862199602217730,"created_at":"2015-12-27T15:28:37+08:00","updated_at":"2015-12-27T15:28:37+08:00","likes":0,"views":0,"thread_key":"javascript\/\u67d0\u6b21js\u4ee3\u7801\u4f18\u5316\u8fc7\u7a0b\/","title":"\u67d0\u6b21\u65e0\u804a\u7684 JavaScript \u4ee3\u7801 \u4f18\u5316\u8fc7\u7a0b","url":"http:\/\/icehe.me\/javascript\/\u67d0\u6b21js\u4ee3\u7801\u4f18\u5316\u8fc7\u7a0b\/","author_key":"","author_id":0},{"site_id":"1198832","thread_id":6232867363503473409,"created_at":"2015-12-27T15:48:40+08:00","updated_at":"2015-12-27T15:48:40+08:00","likes":0,"views":0,"thread_key":"linux\/[06] Linux \u901a\u8fc7 pip \u5b89\u88c5\u4f7f\u7528 Shadowsocks - CentOS 7\/","title":"(06) Linux \u901a\u8fc7 pip \u5b89\u88c5\u4f7f\u7528 Shadowsocks - CentOS 7","url":"http:\/\/icehe.me\/linux\/[06] Linux \u901a\u8fc7 pip \u5b89\u88c5\u4f7f\u7528 Shadowsocks - CentOS 7\/","author_key":"","author_id":0},{"site_id":"1198832","thread_id":6232867383820681985,"created_at":"2015-12-27T15:48:44+08:00","updated_at":"2015-12-27T15:48:44+08:00","likes":0,"views":0,"thread_key":"linux\/[00] U\u76d8\u5b89\u88c5 CentOS 7\/","title":"(00) U\u76d8\u5b89\u88c5 - CentOS 7","url":"http:\/\/icehe.me\/linux\/[00] U\u76d8\u5b89\u88c5 CentOS 7\/","author_key":"","author_id":0},{"site_id":"1198832","thread_id":6232867394650374913,"created_at":"2015-12-27T15:48:47+08:00","updated_at":"2015-12-27T15:48:47+08:00","likes":0,"views":0,"thread_key":"linux\/[03] Update Kernel \u5347\u7ea7\u5185\u6838 - CentOS 7\/","title":"(03) Update Kernel \u5347\u7ea7\u5185\u6838 - CentOS 7","url":"http:\/\/icehe.me\/linux\/[03] Update Kernel \u5347\u7ea7\u5185\u6838 - CentOS 7\/","author_key":"","author_id":0},{"site_id":"1198832","thread_id":6232867401663251201,"created_at":"2015-12-27T15:48:48+08:00","updated_at":"2015-12-27T15:48:48+08:00","likes":0,"views":0,"thread_key":"linux\/[05] \u81ea\u52a8\u6302\u8f7d NTFS \u683c\u5f0f\u7684 \u786c\u76d8\u5206\u533a - CentOS 7\/","title":"(05) \u81ea\u52a8\u6302\u8f7d NTFS \u683c\u5f0f\u7684 \u786c\u76d8\u5206\u533a - CentOS 7","url":"http:\/\/icehe.me\/linux\/[05] \u81ea\u52a8\u6302\u8f7d NTFS \u683c\u5f0f\u7684 \u786c\u76d8\u5206\u533a - CentOS 7\/","author_key":"","author_id":0},{"site_id":"1198832","thread_id":6232867408642573057,"created_at":"2015-12-27T15:48:50+08:00","updated_at":"2015-12-27T15:48:50+08:00","likes":0,"views":0,"thread_key":"batch\/Batch \u6279\u5904\u7406\u6307\u4ee4 Command\/","title":"Batch \u6279\u5904\u7406\u6307\u4ee4 Command","url":"http:\/\/icehe.me\/batch\/Batch \u6279\u5904\u7406\u6307\u4ee4 Command\/","author_key":"","author_id":0},{"site_id":"1198832","thread_id":6232867418742457090,"created_at":"2015-12-27T15:48:52+08:00","updated_at":"2015-12-27T15:48:52+08:00","likes":0,"views":0,"thread_key":"linux\/[02] Config System Envir \u914d\u7f6e\u7cfb\u7edf\u73af\u5883 - CentOS 7\/","title":"(02) Configure System Envir \u914d\u7f6e\u7cfb\u7edf\u73af\u5883 - CentOS 7","url":"http:\/\/icehe.me\/linux\/[02] Config System Envir \u914d\u7f6e\u7cfb\u7edf\u73af\u5883 - CentOS 7\/","author_key":"","author_id":0},{"site_id":"1198832","thread_id":6232867435079271170,"created_at":"2015-12-27T15:48:56+08:00","updated_at":"2015-12-27T15:48:56+08:00","likes":0,"views":0,"thread_key":"asm\/Assembly Language - Note 14\/","title":"Assembly Language \u6c47\u7f16\u8bed\u8a00 - Note 14","url":"http:\/\/icehe.me\/asm\/Assembly Language - Note 14\/","author_key":"","author_id":0},{"site_id":"1198832","thread_id":6232878249316188930,"created_at":"2015-12-27T16:30:54+08:00","updated_at":"2015-12-27T16:30:54+08:00","likes":0,"views":0,"thread_key":"think\/simple\/","title":"\u4e2a\u4eba\u4ef7\u503c \u4e0e \u6781\u7b80\u4e3b\u4e49\/\u65ad\u820d\u79bb","url":"http:\/\/icehe.me\/think\/simple\/","author_key":"","author_id":0},{"site_id":"1198832","thread_id":6232878473505932034,"created_at":"2015-12-27T16:31:46+08:00","updated_at":"2015-12-27T16:31:46+08:00","likes":0,"views":0,"thread_key":"think\/time_mgt\/","title":"Time Mgt. \u6211\u7684\u65f6\u95f4\u7ba1\u7406\u65e5\u5fd7","url":"http:\/\/icehe.me\/think\/time_mgt\/","author_key":"","author_id":0},{"site_id":"1198832","thread_id":6232878878616978177,"created_at":"2015-12-27T16:33:21+08:00","updated_at":"2015-12-27T16:33:21+08:00","likes":0,"views":0,"thread_key":"web\/donate\/","title":"\u5b9e\u73b0 \u535a\u5ba2\u7f51\u7ad9\u7684\u652f\u4ed8\u5b9d \u6253\u8d4f\u529f\u80fd \u2014\u2014 Donate \u6253\u8d4f\u535a\u4e3b","url":"http:\/\/icehe.me\/web\/donate\/","author_key":"","author_id":0},{"site_id":"1198832","thread_id":6232879395384591106,"created_at":"2015-12-27T16:35:21+08:00","updated_at":"2015-12-27T16:35:21+08:00","likes":0,"views":0,"thread_key":"ide\/Eclipse\u5feb\u6377\u952e \u548c \u9879\u76ee\u5de5\u4f5c\u7ecf\u9a8c\/","title":"Eclipse\u5feb\u6377\u952e \u548c \u4e00\u70b9\u9879\u76ee\u5b9e\u8df5\u611f\u60f3","url":"http:\/\/icehe.me\/ide\/Eclipse\u5feb\u6377\u952e \u548c \u9879\u76ee\u5de5\u4f5c\u7ecf\u9a8c\/","author_key":"","author_id":0},{"site_id":"1198832","thread_id":6232882614315778818,"created_at":"2015-12-27T16:47:50+08:00","updated_at":"2015-12-27T16:47:50+08:00","likes":0,"views":0,"thread_key":"batch\/DOS \u5e38\u7528\u6307\u4ee4  Command\/","title":"DOS \u5e38\u7528\u6307\u4ee4 Command","url":"http:\/\/icehe.me\/batch\/DOS \u5e38\u7528\u6307\u4ee4  Command\/","author_key":"","author_id":0},{"site_id":"1198832","thread_id":"6232947430069895937","created_at":"2015-12-27T20:59:21+08:00","updated_at":"2015-12-27T20:59:21+08:00","likes":0,"views":0,"thread_key":"linux\/[04] \u5b89\u88c5 CentOS 7 \u540e\u5fc5\u505a\u7684 \u5b89\u5168\u9632\u8303\u63aa\u65bd\/","title":"(04) \u5b89\u88c5\u540e\u5fc5\u505a\u7684 \u5b89\u5168\u9632\u8303\u63aa\u65bd - CentOS 7","url":"http:\/\/icehe.me\/linux\/[04] \u5b89\u88c5 CentOS 7 \u540e\u5fc5\u505a\u7684 \u5b89\u5168\u9632\u8303\u63aa\u65bd\/","author_key":"","author_id":0},{"site_id":"1198832","thread_id":"6232947476827996929","created_at":"2015-12-27T20:59:32+08:00","updated_at":"2015-12-27T20:59:32+08:00","likes":0,"views":0,"thread_key":"linux\/[01] \u6062\u590d Windows \u7684 \u5f00\u673a\u5f15\u5bfc - CentOS 7\/","title":"(01) \u6062\u590d Windows \u7684 \u5f00\u673a\u5f15\u5bfc - CentOS 7","url":"http:\/\/icehe.me\/linux\/[01] \u6062\u590d Windows \u7684 \u5f00\u673a\u5f15\u5bfc - CentOS 7\/","author_key":"","author_id":0},{"site_id":"1198832","thread_id":"6232947661012468481","created_at":"2015-12-27T21:00:15+08:00","updated_at":"2015-12-27T21:00:15+08:00","likes":0,"views":0,"thread_key":"read\/\u300a\u5e78\u798f\u8bfe\u300b\u77e5\u4e4e\u4e13\u680f - Note\/","title":"\u300a\u5e78\u798f\u8bfe\u300b\u77e5\u4e4e\u4e13\u680f - Note","url":"http:\/\/icehe.me\/read\/\u300a\u5e78\u798f\u8bfe\u300b\u77e5\u4e4e\u4e13\u680f - Note\/","author_key":"","author_id":0},{"site_id":"1198832","thread_id":6232947683682681602,"created_at":"2015-12-27T21:00:21+08:00","updated_at":"2015-12-27T21:00:21+08:00","likes":0,"views":0,"thread_key":"php\/PHP empty() \u548c isset() \u7684\u533a\u522b\/","title":"PHP empty() \u548c isset() \u7684\u533a\u522b","url":"http:\/\/icehe.me\/php\/PHP empty() \u548c isset() \u7684\u533a\u522b\/","author_key":"","author_id":0},{"site_id":"1198832","thread_id":"6232948908100682498","created_at":"2015-12-27T21:05:06+08:00","updated_at":"2015-12-27T21:05:06+08:00","likes":0,"views":0,"thread_key":"php\/PHP \u903b\u8f91\u8bed\u53e5 var !== NULL \u662f\u5426\u7b49\u4ef7\u4e8e isset(var)\/","title":"PHP \u903b\u8f91\u8bed\u53e5 var !== NULL \u662f\u5426\u7b49\u4ef7\u4e8e isset(var)","url":"http:\/\/icehe.me\/php\/PHP \u903b\u8f91\u8bed\u53e5 var !== NULL \u662f\u5426\u7b49\u4ef7\u4e8e isset(var)\/","author_key":"","author_id":0},{"site_id":"1198832","thread_id":"6232949611741315841","created_at":"2015-12-27T21:07:49+08:00","updated_at":"2015-12-27T21:07:49+08:00","likes":0,"views":0,"thread_key":"asm\/Assembly Language - Note 15\/","title":"Assembly Language \u6c47\u7f16\u8bed\u8a00 - Note 15","url":"http:\/\/icehe.me\/asm\/Assembly Language - Note 15\/","author_key":"","author_id":0},{"site_id":"1198832","thread_id":"6232949636332520194","created_at":"2015-12-27T21:07:55+08:00","updated_at":"2015-12-27T21:07:55+08:00","likes":0,"views":0,"thread_key":"asm\/Assembly Language - Note 12\/","title":"Assembly Language \u6c47\u7f16\u8bed\u8a00 - Note 12","url":"http:\/\/icehe.me\/asm\/Assembly Language - Note 12\/","author_key":"","author_id":0},{"site_id":"1198832","thread_id":"6232949654955229953","created_at":"2015-12-27T21:08:00+08:00","updated_at":"2015-12-27T21:08:00+08:00","likes":0,"views":0,"thread_key":"asm\/Assembly Language - Note 13\/","title":"Assembly Language \u6c47\u7f16\u8bed\u8a00 - Note 13","url":"http:\/\/icehe.me\/asm\/Assembly Language - Note 13\/","author_key":"","author_id":0},{"site_id":"1198832","thread_id":"6232949669832426242","created_at":"2015-12-27T21:08:03+08:00","updated_at":"2015-12-27T21:08:03+08:00","likes":0,"views":0,"thread_key":"asm\/Assembly Language - Note 11\/","title":"Assembly Language \u6c47\u7f16\u8bed\u8a00 - Note 11","url":"http:\/\/icehe.me\/asm\/Assembly Language - Note 11\/","author_key":"","author_id":0},{"site_id":"1198832","thread_id":"6232949682520195841","created_at":"2015-12-27T21:08:06+08:00","updated_at":"2015-12-27T21:08:06+08:00","likes":0,"views":0,"thread_key":"asm\/Assembly Language - Note 10\/","title":"Assembly Language \u6c47\u7f16\u8bed\u8a00 - Note 10","url":"http:\/\/icehe.me\/asm\/Assembly Language - Note 10\/","author_key":"","author_id":0},{"site_id":"1198832","thread_id":"6232949695107302146","created_at":"2015-12-27T21:08:09+08:00","updated_at":"2015-12-27T21:08:09+08:00","likes":0,"views":0,"thread_key":"asm\/Assembly Language - Note 9\/","title":"Assembly Language \u6c47\u7f16\u8bed\u8a00 - Note 9","url":"http:\/\/icehe.me\/asm\/Assembly Language - Note 9\/","author_key":"","author_id":0},{"site_id":"1198832","thread_id":"6232949708319359746","created_at":"2015-12-27T21:08:12+08:00","updated_at":"2015-12-27T21:08:12+08:00","likes":0,"views":0,"thread_key":"asm\/Assembly Language - Note 8\/","title":"Assembly Language \u6c47\u7f16\u8bed\u8a00 - Note 8","url":"http:\/\/icehe.me\/asm\/Assembly Language - Note 8\/","author_key":"","author_id":0},{"site_id":"1198832","thread_id":"6232949720684167938","created_at":"2015-12-27T21:08:15+08:00","updated_at":"2015-12-27T21:08:15+08:00","likes":0,"views":0,"thread_key":"asm\/Assembly Language - Note 6\/","title":"Assembly Language \u6c47\u7f16\u8bed\u8a00 - Note 6","url":"http:\/\/icehe.me\/asm\/Assembly Language - Note 6\/","author_key":"","author_id":0},{"site_id":"1198832","thread_id":"6232950157214745345","created_at":"2015-12-27T21:09:56+08:00","updated_at":"2015-12-27T21:09:56+08:00","likes":0,"views":0,"thread_key":"asm\/Assembly Language - Note 7 extra\/","title":"Assembly Language \u6c47\u7f16\u8bed\u8a00 - Note 7 extra","url":"http:\/\/icehe.me\/asm\/Assembly Language - Note 7 extra\/","author_key":"","author_id":0},{"site_id":"1198832","thread_id":"6232950530570715906","created_at":"2015-12-27T21:11:23+08:00","updated_at":"2015-12-27T21:11:23+08:00","likes":0,"views":0,"thread_key":"asm\/Assembly Language - Note 7\/","title":"Assembly Language \u6c47\u7f16\u8bed\u8a00 - Note 7","url":"http:\/\/icehe.me\/asm\/Assembly Language - Note 7\/","author_key":"","author_id":0},{"site_id":"1198832","thread_id":"6232950542079886082","created_at":"2015-12-27T21:11:26+08:00","updated_at":"2015-12-27T21:11:26+08:00","likes":0,"views":0,"thread_key":"asm\/Assembly Language - Note 5\/","title":"Assembly Language \u6c47\u7f16\u8bed\u8a00 - Note 5","url":"http:\/\/icehe.me\/asm\/Assembly Language - Note 5\/","author_key":"","author_id":0},{"site_id":"1198832","thread_id":"6232950557342958337","created_at":"2015-12-27T21:11:30+08:00","updated_at":"2015-12-27T21:11:30+08:00","likes":0,"views":0,"thread_key":"asm\/Assembly Language - Note 4\/","title":"Assembly Language \u6c47\u7f16\u8bed\u8a00 - Note 4","url":"http:\/\/icehe.me\/asm\/Assembly Language - Note 4\/","author_key":"","author_id":0},{"site_id":"1198832","thread_id":"6232950569091203842","created_at":"2015-12-27T21:11:32+08:00","updated_at":"2015-12-27T21:11:32+08:00","likes":0,"views":0,"thread_key":"asm\/Assembly Language - Note 3\/","title":"Assembly Language \u6c47\u7f16\u8bed\u8a00 - Note 3","url":"http:\/\/icehe.me\/asm\/Assembly Language - Note 3\/","author_key":"","author_id":0},{"site_id":"1198832","thread_id":"6232950585323160321","created_at":"2015-12-27T21:11:36+08:00","updated_at":"2015-12-27T21:11:36+08:00","likes":0,"views":0,"thread_key":"asm\/Assembly Language - Note 2\/","title":"Assembly Language \u6c47\u7f16\u8bed\u8a00 - Note 2","url":"http:\/\/icehe.me\/asm\/Assembly Language - Note 2\/","author_key":"","author_id":0},{"site_id":"1198832","thread_id":"6232950599172752129","created_at":"2015-12-27T21:11:39+08:00","updated_at":"2015-12-27T21:11:39+08:00","likes":0,"views":0,"thread_key":"asm\/\u5728win7 64\u4f4d\u7cfb\u7edf\u4e0a\u4f7f\u7528debug.exe\/","title":"\u5728win7 64\u4f4d\u7cfb\u7edf\u4e0a\u4f7f\u7528 debug.exe","url":"http:\/\/icehe.me\/asm\/\u5728win7 64\u4f4d\u7cfb\u7edf\u4e0a\u4f7f\u7528debug.exe\/","author_key":"","author_id":0},{"site_id":"1198832","thread_id":6232950643972113154,"created_at":"2015-12-27T21:11:50+08:00","updated_at":"2015-12-27T21:11:50+08:00","likes":0,"views":0,"thread_key":"asm\/Assembly Language - Note 1\/","title":"Assembly Language \u6c47\u7f16\u8bed\u8a00 - Note 1","url":"http:\/\/icehe.me\/asm\/Assembly Language - Note 1\/","author_key":"","author_id":0},{"site_id":"1198832","thread_id":"6232950704835658498","created_at":"2015-12-27T21:12:04+08:00","updated_at":"2015-12-27T21:12:04+08:00","likes":0,"views":0,"thread_key":"batch\/DOS \u5e38\u7528\u6307\u4ee4 Command\/","title":"DOS \u5e38\u7528\u6307\u4ee4 Command","url":"http:\/\/icehe.me\/batch\/DOS \u5e38\u7528\u6307\u4ee4 Command\/","author_key":"","author_id":0},{"site_id":"1198832","thread_id":"6232950730836148993","created_at":"2015-12-27T21:12:10+08:00","updated_at":"2015-12-27T21:12:10+08:00","likes":0,"views":0,"thread_key":"batch\/DOS \u7279\u6b8a\u7b26\u53f7 Symbol\/","title":"DOS \u7279\u6b8a\u7b26\u53f7 Symbol","url":"http:\/\/icehe.me\/batch\/DOS \u7279\u6b8a\u7b26\u53f7 Symbol\/","author_key":"","author_id":0},{"site_id":"1198832","thread_id":"6232950747378483970","created_at":"2015-12-27T21:12:14+08:00","updated_at":"2015-12-27T21:12:14+08:00","likes":0,"views":0,"thread_key":"batch\/DOS \u73af\u5883\u53d8\u91cf Environment Variable\/","title":"DOS \u73af\u5883\u53d8\u91cf Environment Variable","url":"http:\/\/icehe.me\/batch\/DOS \u73af\u5883\u53d8\u91cf Environment Variable\/","author_key":"","author_id":0},{"site_id":"1198832","thread_id":"6232950775589372673","created_at":"2015-12-27T21:12:20+08:00","updated_at":"2015-12-27T21:12:20+08:00","likes":0,"views":0,"thread_key":"c++\/C++ Interview Book\/","title":"C++ Interview Book - Handwritten Notes","url":"http:\/\/icehe.me\/c++\/C++ Interview Book\/","author_key":"","author_id":0},{"site_id":"1198832","thread_id":"6232950820929798913","created_at":"2015-12-27T21:12:31+08:00","updated_at":"2015-12-27T21:12:31+08:00","likes":0,"views":0,"thread_key":"c++\/C++ Primer 5th\/","title":"C++ Primer 5th - Handwritten Notes","url":"http:\/\/icehe.me\/c++\/C++ Primer 5th\/","author_key":"","author_id":0},{"site_id":"1198832","thread_id":"6232950855713161986","created_at":"2015-12-27T21:12:39+08:00","updated_at":"2015-12-27T21:12:39+08:00","likes":0,"views":0,"thread_key":"c++\/C++ Code Standards \u7f16\u7801\u6807\u51c6\/","title":"C++ Code Standards \u7f16\u7801\u89c4\u8303 - Handwritten Notes","url":"http:\/\/icehe.me\/c++\/C++ Code Standards \u7f16\u7801\u6807\u51c6\/","author_key":"","author_id":0},{"site_id":"1198832","thread_id":"6232950877355770626","created_at":"2015-12-27T21:12:44+08:00","updated_at":"2015-12-27T21:12:44+08:00","likes":0,"views":0,"thread_key":"c++\/Effective C++ - Reading Note 3\/","title":"Effective C++ - Reading Note 3","url":"http:\/\/icehe.me\/c++\/Effective C++ - Reading Note 3\/","author_key":"","author_id":0},{"site_id":"1198832","thread_id":"6232950923212096257","created_at":"2015-12-27T21:12:55+08:00","updated_at":"2015-12-27T21:12:55+08:00","likes":0,"views":0,"thread_key":"c++\/Effective C++ - Reading Note 4\/","title":"Effective C++ - Reading Note 4","url":"http:\/\/icehe.me\/c++\/Effective C++ - Reading Note 4\/","author_key":"","author_id":0},{"site_id":"1198832","thread_id":"6232950950617678593","created_at":"2015-12-27T21:13:01+08:00","updated_at":"2015-12-27T21:13:01+08:00","likes":0,"views":0,"thread_key":"c++\/Effective C++ - Reading Note 2\/","title":"Effective C++ - Reading Note 2","url":"http:\/\/icehe.me\/c++\/Effective C++ - Reading Note 2\/","author_key":"","author_id":0}],"posts":[{"post_id":1318129723749957638,"thread_id":1318129723749957815,"message":"\u8fd9\u4e2a\u5f88\u68d2\u54e6~","site_id":1198832,"created_at":"2015-03-04T14:42:51+08:00","updated_at":"1970-01-01T08:00:00+08:00","likes":0,"ip":"183.62.57.147","parents":[],"author_id":10847637,"author_email":"zhou.shunfeng@qq.com","author_name":"SF-_-","author_url":"http:\/\/weibo.com\/2083914107","author_key":"0","thread_key":"web\/donate\/","post_key":"1318129723749957638"},{"post_id":1318129723749957639,"thread_id":1318129723749957815,"message":"\u53d1\u73b0\u8fd9\u6761\u8bc4\u8bba\uff0c\u6ca1\u6709\u663e\u793a\u51fa\u6765\u3002\u539f\u6765\u6211\u8c03\u6574\u8fc7\u535a\u5ba2\u6587\u7ae0\u65e5\u671f\uff0c\u5bfc\u81f4\u7ed3\u6784\u6539\u4e86\uff0c\u8fd9\u6761\u8bc4\u8bba\u60b2\u5267\u4e86\u3002\u4e0b\u6b21\u6211\u8c03\u6574\u535a\u6587\u8981\u614e\u91cd\u4e86\u2026\u2026","site_id":1198832,"created_at":"2015-03-19T14:55:02+08:00","updated_at":"1970-01-01T08:00:00+08:00","likes":0,"ip":"183.62.57.155","parents":[1318129723749957638,1318129723749957638,1318129723749957638,1318129723749957638],"author_id":10512995,"author_email":"","author_name":"\u534e\u5de5Ice\u662f\u5317\u6f02\u7684IT\u6c11\u5de5","author_url":"http:\/\/weibo.com\/2622530715","author_key":null,"thread_key":"web\/donate\/","post_key":"1318129723749957639"},{"post_id":1318129723749957644,"thread_id":1318129723749957847,"message":"\u53ef\u662f\uff0c \u8fd9\u6837\u5c82\u4e0d\u66b4\u9732\u4e86\u4f60\u7684\u624b\u673a\u53f7\u4e86...","site_id":1198832,"created_at":"2015-04-22T14:12:52+08:00","updated_at":"1970-01-01T08:00:00+08:00","likes":0,"ip":"114.247.160.210","parents":[],"author_id":6072925,"author_email":"","author_name":"\u6e05\u51cc\u6e21_ijse","author_url":"http:\/\/weibo.com\/ijser","author_key":"0","thread_key":"web\/donate\/","post_key":"1318129723749957644"},{"post_id":1318129723749957646,"thread_id":1318129723749957847,"message":"\u6307\u7684\u662f\u652f\u4ed8\u5b9d\u8d26\u53f7\u5417\uff1f\u4f60\u652f\u4ed8\u5b9d\u8d26\u53f7\u540d\u4e0d\u6539\u4e3a\u90ae\u7bb1\u540d\u5417\uff1f","site_id":1198832,"created_at":"2015-04-24T22:55:21+08:00","updated_at":"1970-01-01T08:00:00+08:00","likes":0,"ip":"104.245.15.14","parents":[1318129723749957644,1318129723749957644,1318129723749957644,1318129723749957644],"author_id":10512995,"author_email":"","author_name":"\u534e\u5de5Ice\u662f\u5317\u6f02\u7684IT\u6c11\u5de5","author_url":"http:\/\/weibo.com\/2622530715","author_key":null,"thread_key":"web\/donate\/","post_key":"1318129723749957646"},{"post_id":1318129723749957647,"thread_id":1318129723749957847,"message":"\u8c22\u8c22\u63d0\u9192\u2026\u2026\u90a3\u4e2a\u7f51\u9875\u6350\u732e\u88ab\u4eba\u6076\u610f\u53d8\u66f4\u4e86\u2026\u2026","site_id":1198832,"created_at":"2015-04-24T23:02:24+08:00","updated_at":"1970-01-01T08:00:00+08:00","likes":0,"ip":"104.245.15.14","parents":[1318129723749957644,1318129723749957644,1318129723749957644,1318129723749957644],"author_id":10512995,"author_email":"","author_name":"\u534e\u5de5Ice\u662f\u5317\u6f02\u7684IT\u6c11\u5de5","author_url":"http:\/\/weibo.com\/2622530715","author_key":null,"thread_key":"web\/donate\/","post_key":"1318129723749957647"},{"post_id":1318129723749957648,"thread_id":1318129723749957847,"message":":D","site_id":1198832,"created_at":"2015-04-27T15:22:47+08:00","updated_at":"1970-01-01T08:00:00+08:00","likes":0,"ip":"111.206.12.22","parents":[1318129723749957644,1318129723749957647,1318129723749957644,1318129723749957647,1318129723749957644,1318129723749957647,1318129723749957644,1318129723749957647],"author_id":6072925,"author_email":"","author_name":"\u6e05\u51cc\u6e21_ijse","author_url":"http:\/\/weibo.com\/ijser","author_key":"0","thread_key":"web\/donate\/","post_key":"1318129723749957648"},{"post_id":1318129723749957649,"thread_id":1318129723749957643,"message":"\u8bf7\u95ee\u7f51\u7ad9\u5e95\u90e8\u7684\u4e00\u8a00\u662f\u5982\u4f55\u5b9e\u73b0\u5f15\u7528\u7684\u5462\uff1f\u5982\u8d50\u6559\uff0c\u4e0d\u80dc\u611f\u6fc0\uff01","site_id":1198832,"created_at":"2015-05-14T00:31:31+08:00","updated_at":"1970-01-01T08:00:00+08:00","likes":0,"ip":"180.161.149.141","parents":[],"author_id":7345927,"author_email":"alexander49@qq.com","author_name":"Mashiro\u9171","author_url":"http:\/\/weibo.com\/1752286210","author_key":"0","thread_key":"web\/build_blog\/","post_key":"1318129723749957649"},{"post_id":1318129723749957650,"thread_id":1318129723749957643,"message":"\u4e3a\u4ec0\u4e48\u50cf\u53e4\u6587\u4e00\u6837","site_id":1198832,"created_at":"2015-05-21T23:25:38+08:00","updated_at":"1970-01-01T08:00:00+08:00","likes":0,"ip":"45.116.14.23","parents":[],"author_id":0,"author_email":"295532565@qq.com","author_name":"\u4f55\u5fd7\u8fdc\u7684\u540c\u5b66","author_url":null,"author_key":"0","thread_key":"web\/build_blog\/","post_key":"1318129723749957650"},{"post_id":1318129723749957651,"thread_id":1318129723749957843,"message":"\u8fd9\u4e2a\u6709\u610f\u601d","site_id":1198832,"created_at":"2015-05-21T23:27:10+08:00","updated_at":"1970-01-01T08:00:00+08:00","likes":0,"ip":"45.116.14.23","parents":[],"author_id":0,"author_email":"295532565@qq.com","author_name":"\u4f55\u5fd7\u8fdc\u7684\u540c\u5b66","author_url":null,"author_key":"0","thread_key":"javascript\/\u67d0\u6b21js\u4ee3\u7801\u4f18\u5316\u8fc7\u7a0b\/","post_key":"1318129723749957651"},{"post_id":1318129723749957652,"thread_id":1318129723749957847,"message":"\u4e0d\u9519\u3002\u501f\u9274\u535a\u4e3b\u7684\u4e86~ [\u563b\u563b]","site_id":1198832,"created_at":"2015-05-22T09:59:46+08:00","updated_at":"1970-01-01T08:00:00+08:00","likes":0,"ip":"121.79.134.50","parents":[],"author_id":10548682,"author_email":"xirong.liu@foxmail.com","author_name":"xirong","author_url":"http:\/\/weibo.com\/jackieliuxirong","author_key":"0","thread_key":"web\/donate\/","post_key":"1318129723749957652"},{"post_id":1318129723749957653,"thread_id":1318129723749957908,"message":"\u6709\u94b1\u518d\u6253\u8d4f\u4f60","site_id":1198832,"created_at":"2015-05-25T23:40:24+08:00","updated_at":"1970-01-01T08:00:00+08:00","likes":0,"ip":"14.151.190.205","parents":[],"author_id":0,"author_email":"295532565@qq.com","author_name":"\u4f55\u5fd7\u8fdc\u7684\u540c\u5b66","author_url":null,"author_key":"0","thread_key":"reward\/","post_key":"1318129723749957653"},{"post_id":1318129723749957655,"thread_id":1318129723749957643,"message":"\u989d\u2026\u2026\u6211\u559c\u6b22\uff0c\u54c8\u54c8\uff5e","site_id":1198832,"created_at":"2015-06-02T22:57:32+08:00","updated_at":"1970-01-01T08:00:00+08:00","likes":0,"ip":"121.32.179.60","parents":[1318129723749957650,1318129723749957650,1318129723749957650,1318129723749957650],"author_id":10933103,"author_email":"","author_name":"Ice\u4f55\u5fd7\u8fdc","author_url":"http:\/\/weibo.com\/icedes","author_key":null,"thread_key":"web\/build_blog\/","post_key":"1318129723749957655"},{"post_id":1318129723749957656,"thread_id":1318129723749957908,"message":"\u54c8\u54c8\uff0c\u8c22\u8c22\uff5e","site_id":1198832,"created_at":"2015-06-02T22:59:37+08:00","updated_at":"1970-01-01T08:00:00+08:00","likes":0,"ip":"121.32.179.60","parents":[1318129723749957653,1318129723749957653,1318129723749957653,1318129723749957653],"author_id":10933103,"author_email":"","author_name":"Ice\u4f55\u5fd7\u8fdc","author_url":"http:\/\/weibo.com\/icedes","author_key":null,"thread_key":"reward\/","post_key":"1318129723749957656"},{"post_id":1318129723749957657,"thread_id":1318129723749957843,"message":"\u540e\u6765\uff0c\u7a81\u7136\u60f3\u8d77\u6765CSS\u4e5f\u80fd\u5b9e\u73b0\u8fd9\u4e2a\u95ea\u70c1\u2026\u2026\r\n\u4e0d\u8fc7\u4e0d\u77e5\u9053\u6548\u7387\u600e\u6837\uff0c\u53cd\u6b63\u6ca1\u5dee\u591a\u5c11\uff0c\u54c8\u54c8\u3002","site_id":1198832,"created_at":"2015-06-02T23:02:42+08:00","updated_at":"1970-01-01T08:00:00+08:00","likes":0,"ip":"121.32.179.60","parents":[1318129723749957651,1318129723749957651,1318129723749957651,1318129723749957651],"author_id":10933103,"author_email":"","author_name":"Ice\u4f55\u5fd7\u8fdc","author_url":"http:\/\/weibo.com\/icedes","author_key":null,"thread_key":"javascript\/\u67d0\u6b21js\u4ee3\u7801\u4f18\u5316\u8fc7\u7a0b\/","post_key":"1318129723749957657"},{"post_id":1318129723749957658,"thread_id":1318129723749957847,"message":"[\u563b\u563b]","site_id":1198832,"created_at":"2015-06-02T23:07:04+08:00","updated_at":"1970-01-01T08:00:00+08:00","likes":0,"ip":"121.32.179.60","parents":[1318129723749957652,1318129723749957652,1318129723749957652,1318129723749957652],"author_id":10933103,"author_email":"","author_name":"Ice\u4f55\u5fd7\u8fdc","author_url":"http:\/\/weibo.com\/icedes","author_key":null,"thread_key":"web\/donate\/","post_key":"1318129723749957658"},{"post_id":1318129723749957659,"thread_id":1318129723749957848,"message":"o(\u256f\u25a1\u2570)o\u6700\u96be\u5c31\u662f\u7b97\u6cd5\u8ddf\u6570\u636e\u7ed3\u6784\u3002\u3002\u3002\u3002\u600e\u4e48\u5b66\u554a","site_id":1198832,"created_at":"2015-06-22T06:25:12+08:00","updated_at":"1970-01-01T08:00:00+08:00","likes":0,"ip":"14.151.188.117","parents":[],"author_id":0,"author_email":"295532565@qq.com","author_name":"\u4f55\u5fd7\u8fdc\u7684\u540c\u5b66","author_url":null,"author_key":"0","thread_key":"ide\/Eclipse\u5feb\u6377\u952e \u548c \u9879\u76ee\u5de5\u4f5c\u7ecf\u9a8c\/","post_key":"1318129723749957659"},{"post_id":1318129723749957660,"thread_id":1318129723749957848,"message":"\u662fli hua\uff1f\u5176\u5b9e\u8fd8\u662f\u770b\u61c2\u4ee3\u7801\u7136\u540e\u62ff\u6765\u505a\u7f16\u7a0b\u9898\u3002\r\n\u6216\u8005\u6709\u9879\u76ee\u9700\u8981\u7528\u5230\u2026\u2026\r\n\u5176\u5b9e\u6211\u4eec\u6ca1\u4ec0\u4e48\u673a\u4f1a\u7528\u5230\u7684\uff0c\u8fd8\u662f\u505a\u7f16\u7a0b\u9898\uff0c\r\n\u5230leetcode\u3001poj\u80af\u5b9a\u80fd\u627e\u5230\u76f8\u5173\u7684\u7f16\u7a0b\u9898\u7684","site_id":1198832,"created_at":"2015-07-03T20:01:01+08:00","updated_at":"1970-01-01T08:00:00+08:00","likes":0,"ip":"113.65.79.171","parents":[1318129723749957659,1318129723749957659,1318129723749957659,1318129723749957659],"author_id":10933103,"author_email":"ice_he@foxmail.com","author_name":"Ice\u4f55\u5fd7\u8fdc","author_url":"http:\/\/weibo.com\/icedes","author_key":null,"thread_key":"ide\/Eclipse\u5feb\u6377\u952e \u548c \u9879\u76ee\u5de5\u4f5c\u7ecf\u9a8c\/","post_key":"1318129723749957660"},{"post_id":1318129723749957661,"thread_id":1318129723749957843,"message":"\u4e0d\u9519 \u5b66\u4e60\u4e86\uff01","site_id":1198832,"created_at":"2015-09-13T10:12:41+08:00","updated_at":"1970-01-01T08:00:00+08:00","likes":0,"ip":"118.122.60.109","parents":[],"author_id":13297633,"author_email":"y18.pw@1.com","author_name":"\u6b6a\u5996\u5185\u6db5\u7f51","author_url":"http:\/\/y18.iqiqu.net\/?ds","author_key":"0","thread_key":"javascript\/\u67d0\u6b21js\u4ee3\u7801\u4f18\u5316\u8fc7\u7a0b\/","post_key":"1318129723749957661"},{"post_id":"6206535919509766914","thread_id":1318129723749957847,"message":"\u76f4\u63a5\u7528\u201c\u4e91\u6253\u8d4f\u201d\u554a","site_id":"1198832","created_at":"2015-10-17T16:49:13+08:00","updated_at":"1970-01-01T08:00:00+08:00","likes":0,"ip":"175.191.21.200","parents":null,"author_id":0,"author_email":"hua_zhixing@163.com","author_name":"DashangCloud","author_url":null,"author_key":"0","thread_key":"web\/donate\/","post_key":"6206535919509766914"},{"post_id":"6227378357051327234","thread_id":1318129723749957677,"message":"\u6211\u8d4f\u4f60\u4e2a\u6bfd\u5b50\uff0c\u6280\u672f\u8d34\uff0c\u770b\u4e0d\u61c2\u3002","site_id":"1198832","created_at":"2015-12-12T20:48:31+08:00","updated_at":"1970-01-01T08:00:00+08:00","likes":0,"ip":"222.201.172.113","parents":null,"author_id":6227378292056392450,"author_email":null,"author_name":"\u68a7\u6850\u6811\u4e0b_\u6728\u68c9\u82b1\u5f00","author_url":"http:\/\/weibo.com\/2279420147","author_key":0,"thread_key":null,"post_key":"6227378357051327234"},{"post_id":"6227419508504527618","thread_id":1318129723749957908,"message":"\u6211\u7684\u5988\u5440\uff0c\u7231\u6b7b\u4f60\u4e86","site_id":"1198832","created_at":"2015-12-12T23:28:12+08:00","updated_at":"1970-01-01T08:00:00+08:00","likes":1,"ip":"117.150.231.14","parents":null,"author_id":6226290758094160641,"author_email":null,"author_name":"\u989c\u5fc3\u6696","author_url":"http:\/\/www.douban.com\/people\/101098521\/","author_key":0,"thread_key":"reward\/","post_key":"6227419508504527618"},{"post_id":"6227419560992047874","thread_id":1318129723749957908,"message":"\u597d\u8d34\uff0c\u53cc\u624b\u8d5e\u6210!","site_id":"1198832","created_at":"2015-12-12T23:28:24+08:00","updated_at":"1970-01-01T08:00:00+08:00","likes":1,"ip":"117.150.231.14","parents":null,"author_id":6226290758094160641,"author_email":null,"author_name":"\u989c\u5fc3\u6696","author_url":"http:\/\/www.douban.com\/people\/101098521\/","author_key":0,"thread_key":"reward\/","post_key":"6227419560992047874"},{"post_id":"6227597429294760706","thread_id":1318129723749957677,"message":"(\u25ad-\u25ad)\u2727","site_id":"1198832","created_at":"2015-12-13T10:58:37+08:00","updated_at":"1970-01-01T08:00:00+08:00","likes":0,"ip":"118.207.48.23","parents":[6227378357051327234],"author_id":10933103,"author_email":"ice_he@foxmail.com","author_name":"Ice\u4f55\u5fd7\u8fdc","author_url":"http:\/\/weibo.com\/icedes","author_key":null,"thread_key":null,"post_key":"6227597429294760706"},{"post_id":"6229275588557800194","thread_id":1318129723749957638,"message":"\u8e29\u4e00\u811a\uff01","site_id":"1198832","created_at":"2015-12-17T23:30:44+08:00","updated_at":"1970-01-01T08:00:00+08:00","likes":1,"ip":"113.46.241.103","parents":null,"author_id":6219309124069360385,"author_email":null,"author_name":"\u7c73\u5170\u7684\u5c0f\u9152\u9986","author_url":"http:\/\/t.qq.com\/mrrelive","author_key":0,"thread_key":null,"post_key":"6229275588557800194"},{"post_id":"6230235902518493953","thread_id":1318129723749957847,"message":"\u8fd8\u8981\u6536\u624b\u7eed\u8d39\u2026\u4e5f\u662f\u9189\u3002","site_id":"1198832","created_at":"2015-12-20T13:37:15+08:00","updated_at":"1970-01-01T08:00:00+08:00","likes":0,"ip":"61.135.152.208","parents":[6206535919509766914],"author_id":10933103,"author_email":"ice_he@foxmail.com","author_name":"Ice\u4f55\u5fd7\u8fdc","author_url":"http:\/\/weibo.com\/icedes","author_key":null,"thread_key":"web\/donate\/","post_key":"6230235902518493953"},{"post_id":"6230405276416082690","thread_id":1318129723749957900,"message":"\u6b64\u8d34\u6709\u610f\u601d~","site_id":"1198832","created_at":"2015-12-21T00:34:30+08:00","updated_at":"1970-01-01T08:00:00+08:00","likes":0,"ip":"117.150.227.115","parents":null,"author_id":10512308,"author_email":null,"author_name":"\u82e5\u67f3","author_url":"http:\/\/www.douban.com\/people\/104387052\/","author_key":0,"thread_key":null,"post_key":"6230405276416082690"},{"post_id":"6230410351737832194","thread_id":6216606529076855553,"message":"\u5f88\u597d\uff0c\u8c22\u8c22\u4f60\u554a\uff0c\u8f9b\u82e6\u4e86~~","site_id":"1198832","created_at":"2015-12-21T00:54:12+08:00","updated_at":"1970-01-01T08:00:00+08:00","likes":0,"ip":"117.150.228.107","parents":null,"author_id":10512353,"author_email":null,"author_name":"\u542b\u84dd","author_url":"http:\/\/www.douban.com\/people\/104386300\/","author_key":0,"thread_key":null,"post_key":"6230410351737832194"},{"post_id":"6230544539094876930","thread_id":1318129723749957903,"message":"\u4e0d\u9519\u7684\u3002\u8c22\u8c22\u55bd","site_id":"1198832","created_at":"2015-12-21T09:34:55+08:00","updated_at":"1970-01-01T08:00:00+08:00","likes":0,"ip":"117.150.229.209","parents":null,"author_id":10512472,"author_email":null,"author_name":"\u5b98\u91c7\u7eff","author_url":"http:\/\/www.douban.com\/people\/101293302\/","author_key":0,"thread_key":null,"post_key":"6230544539094876930"},{"post_id":"6232609759816581889","thread_id":6219487014484443906,"message":"\u505a\u505a\u770b\u54e6\uff0c\u8c22\u8c22\u63d0\u4f9b","site_id":"1198832","created_at":"2015-12-26T23:09:02+08:00","updated_at":"1970-01-01T08:00:00+08:00","likes":0,"ip":"117.150.230.238","parents":null,"author_id":9828692,"author_email":null,"author_name":"\u8bb8\u5c0f\u66fc","author_url":"http:\/\/www.douban.com\/people\/93405119\/","author_key":0,"thread_key":null,"post_key":"6232609759816581889"},{"post_id":6232857284402217729,"thread_id":1318129723749957684,"message":"\u6d4b\u8bd5\u8bc4\u8bba\u8fc1\u79fb","site_id":"1198832","created_at":"2015-12-27T15:09:33+08:00","updated_at":"1970-01-01T08:00:00+08:00","likes":0,"ip":"61.135.152.208","parents":null,"author_id":10933103,"author_email":"ice_he@foxmail.com","author_name":"Ice\u4f55\u5fd7\u8fdc","author_url":"http:\/\/weibo.com\/icedes","author_key":null,"thread_key":null,"post_key":"6232857284402217729"},{"post_id":"6233356193109115649","thread_id":6216938399417238274,"message":"URL Error: \"http:\/\/icehe.me\/lifelogs\/2015\/12\/index.html\"","site_id":"1198832","created_at":"2015-12-28T23:25:34+08:00","updated_at":"1970-01-01T08:00:00+08:00","likes":0,"ip":"113.46.241.103","parents":null,"author_id":10512995,"author_email":null,"author_name":"\u534e\u5de5Ice\u662f\u5317\u6f02\u7684IT\u6c11\u5de5","author_url":"http:\/\/weibo.com\/2622530715","author_key":null,"thread_key":null,"post_key":"6233356193109115649"},{"post_id":"6233488119522394881","thread_id":6216938399417238274,"message":"URL Error: \"\/404.html\"","site_id":"1198832","created_at":"2015-12-29T07:57:31+08:00","updated_at":"1970-01-01T08:00:00+08:00","likes":0,"ip":"61.148.242.129","parents":null,"author_id":10933103,"author_email":"ice_he@foxmail.com","author_name":"Ice\u4f55\u5fd7\u8fdc","author_url":"http:\/\/weibo.com\/icedes","author_key":null,"thread_key":null,"post_key":"6233488119522394881"}]}